[{"fields": {"model": "logentry", "app_label": "admin"}, "model": "contenttypes.contenttype", "pk": 1}, {"fields": {"model": "permission", "app_label": "auth"}, "model": "contenttypes.contenttype", "pk": 2}, {"fields": {"model": "group", "app_label": "auth"}, "model": "contenttypes.contenttype", "pk": 3}, {"fields": {"model": "user", "app_label": "auth"}, "model": "contenttypes.contenttype", "pk": 4}, {"fields": {"model": "contenttype", "app_label": "contenttypes"}, "model": "contenttypes.contenttype", "pk": 5}, {"fields": {"model": "session", "app_label": "sessions"}, "model": "contenttypes.contenttype", "pk": 6}, {"fields": {"model": "site", "app_label": "sites"}, "model": "contenttypes.contenttype", "pk": 7}, {"fields": {"model": "userprofile", "app_label": "est_profile"}, "model": "contenttypes.contenttype", "pk": 8}, {"fields": {"model": "category", "app_label": "est_quote"}, "model": "contenttypes.contenttype", "pk": 9}, {"fields": {"model": "product", "app_label": "est_quote"}, "model": "contenttypes.contenttype", "pk": 10}, {"fields": {"model": "quotemodifiers", "app_label": "est_quote"}, "model": "contenttypes.contenttype", "pk": 11}, {"fields": {"model": "quote", "app_label": "est_quote"}, "model": "contenttypes.contenttype", "pk": 12}, {"fields": {"model": "productproperties", "app_label": "est_quote"}, "model": "contenttypes.contenttype", "pk": 13}, {"fields": {"model": "company", "app_label": "est_client"}, "model": "contenttypes.contenttype", "pk": 14}, {"fields": {"model": "client", "app_label": "est_client"}, "model": "contenttypes.contenttype", "pk": 15}, {"fields": {"model": "registrationprofile", "app_label": "registration"}, "model": "contenttypes.contenttype", "pk": 16}, {"fields": {"expire_date": "2015-08-25T20:05:55.213Z", "session_data": "MDQwZWNmYTE2YmJlMzU5OGNjMWYzYjM4YjY4Y2YwZDJlNjE5MzQ2YTp7Il9hdXRoX3VzZXJfaGFzaCI6ImIzNWE2YmU2OGYxNGY0YjUyZGRjYjNjOTI1YzA0ZWFmOTNmOGQ2NDUiLCJfYXV0aF91c2VyX2JhY2tlbmQiOiJkamFuZ28uY29udHJpYi5hdXRoLmJhY2tlbmRzLk1vZGVsQmFja2VuZCIsIl9hdXRoX3VzZXJfaWQiOiIxIn0="}, "model": "sessions.session", "pk": "qzi6yq4pgy81tcmw10z0q66ags4c6qne"}, {"fields": {"domain": "estmator.com", "name": "Estmator"}, "model": "sites.site", "pk": 1}, {"fields": {"name": "Equipment"}, "model": "est_quote.category", "pk": 4}, {"fields": {"name": "Seating"}, "model": "est_quote.category", "pk": 5}, {"fields": {"name": "Desking"}, "model": "est_quote.category", "pk": 6}, {"fields": {"name": "Shelving"}, "model": "est_quote.category", "pk": 7}, {"fields": {"name": "Storage"}, "model": "est_quote.category", "pk": 8}, {"fields": {"name": "Filing"}, "model": "est_quote.category", "pk": 9}, {"fields": {"name": "Technology"}, "model": "est_quote.category", "pk": 10}, {"fields": {"name": "Packing"}, "model": "est_quote.category", "pk": 11}, {"fields": {"name": "Workstations"}, "model": "est_quote.category", "pk": 12}, {"fields": {"name": "Miscellaneous"}, "model": "est_quote.category", "pk": 13}, {"fields": {"name": "Tables"}, "model": "est_quote.category", "pk": 14}, {"fields": {"category": 4, "mins_piece": 10.0, "m_cart": 0.0, "name": "E-Crate", "p_cart": 0.0, "mult_dollies": 0.0, "l_cart": 0.0, "s_pack": 0.0}, "model": "est_quote.product", "pk": 7}, {"fields": {"category": 4, "mins_piece": 2.0, "m_cart": 0.0, "name": "PBO ctn 1.5cu", "p_cart": 0.0, "mult_dollies": 0.2, "l_cart": 0.0, "s_pack": 0.0}, "model": "est_quote.product", "pk": 8}, {"fields": {"category": 4, "mins_piece": 0.0, "m_cart": 0.0, "name": "Speed Pack", "p_cart": 0.0, "mult_dollies": 0.0, "l_cart": 0.0, "s_pack": 1.0}, "model": "est_quote.product", "pk": 9}, {"fields": {"category": 4, "mins_piece": 2.0, "m_cart": 0.0, "name": "AutoBottoms", "p_cart": 0.0, "mult_dollies": 0.15, "l_cart": 0.0, "s_pack": 0.0}, "model": "est_quote.product", "pk": 10}, {"fields": {"category": 4, "mins_piece": 0.0, "m_cart": 0.0, "name": "Panel Carts", "p_cart": 1.0, "mult_dollies": 0.0, "l_cart": 0.0, "s_pack": 0.0}, "model": "est_quote.product", "pk": 11}, {"fields": {"category": 4, "mins_piece": 0.0, "m_cart": 1.0, "name": "Machine Cart", "p_cart": 0.0, "mult_dollies": 0.0, "l_cart": 0.0, "s_pack": 0.0}, "model": "est_quote.product", "pk": 12}, {"fields": {"category": 4, "mins_piece": 0.0, "m_cart": 0.0, "name": "Library Cart", "p_cart": 0.0, "mult_dollies": 0.0, "l_cart": 1.0, "s_pack": 0.0}, "model": "est_quote.product", "pk": 13}, {"fields": {"category": 4, "mins_piece": 0.0, "m_cart": 0.0, "name": "Panel Cart", "p_cart": 1.0, "mult_dollies": 0.0, "l_cart": 0.0, "s_pack": 0.0}, "model": "est_quote.product", "pk": 14}, {"fields": {"category": 5, "mins_piece": 7.0, "m_cart": 0.0, "name": "Task Chair", "p_cart": 0.0, "mult_dollies": 0.0, "l_cart": 0.0, "s_pack": 0.0}, "model": "est_quote.product", "pk": 15}, {"fields": {"category": 5, "mins_piece": 7.0, "m_cart": 0.0, "name": "Side Chair", "p_cart": 0.0, "mult_dollies": 0.5, "l_cart": 0.0, "s_pack": 0.0}, "model": "est_quote.product", "pk": 16}, {"fields": {"category": 5, "mins_piece": 15.0, "m_cart": 0.0, "name": "Lounge Chair", "p_cart": 0.0, "mult_dollies": 1.0, "l_cart": 0.0, "s_pack": 0.0}, "model": "est_quote.product", "pk": 17}, {"fields": {"category": 5, "mins_piece": 30.0, "m_cart": 0.0, "name": "Sofa", "p_cart": 0.0, "mult_dollies": 1.0, "l_cart": 0.0, "s_pack": 0.0}, "model": "est_quote.product", "pk": 18}, {"fields": {"category": 6, "mins_piece": 35.0, "m_cart": 0.0, "name": "Desk - 1 ped", "p_cart": 0.0, "mult_dollies": 1.0, "l_cart": 0.0, "s_pack": 0.0}, "model": "est_quote.product", "pk": 19}, {"fields": {"category": 6, "mins_piece": 40.0, "m_cart": 0.0, "name": "Desk - U-shape", "p_cart": 0.0, "mult_dollies": 2.0, "l_cart": 0.0, "s_pack": 0.0}, "model": "est_quote.product", "pk": 20}, {"fields": {"category": 6, "mins_piece": 15.0, "m_cart": 0.0, "name": "Return", "p_cart": 0.0, "mult_dollies": 1.0, "l_cart": 0.0, "s_pack": 0.0}, "model": "est_quote.product", "pk": 21}, {"fields": {"category": 6, "mins_piece": 25.0, "m_cart": 0.0, "name": "Credenza", "p_cart": 0.0, "mult_dollies": 1.0, "l_cart": 0.0, "s_pack": 0.0}, "model": "est_quote.product", "pk": 22}, {"fields": {"category": 6, "mins_piece": 20.0, "m_cart": 0.0, "name": "Hutch", "p_cart": 0.0, "mult_dollies": 1.0, "l_cart": 0.0, "s_pack": 0.0}, "model": "est_quote.product", "pk": 23}, {"fields": {"category": 8, "mins_piece": 25.0, "m_cart": 0.0, "name": "Bookcase", "p_cart": 0.0, "mult_dollies": 1.0, "l_cart": 0.0, "s_pack": 0.0}, "model": "est_quote.product", "pk": 24}, {"fields": {"category": 8, "mins_piece": 40.0, "m_cart": 0.0, "name": "Shelving - Bolted", "p_cart": 0.0, "mult_dollies": 1.0, "l_cart": 0.0, "s_pack": 0.0}, "model": "est_quote.product", "pk": 25}, {"fields": {"category": 8, "mins_piece": 60.0, "m_cart": 0.0, "name": "Shelving - Clips", "p_cart": 0.0, "mult_dollies": 1.0, "l_cart": 0.0, "s_pack": 0.0}, "model": "est_quote.product", "pk": 26}, {"fields": {"category": 9, "mins_piece": 20.0, "m_cart": 0.0, "name": "Vertical File Cab", "p_cart": 0.0, "mult_dollies": 1.0, "l_cart": 0.0, "s_pack": 0.0}, "model": "est_quote.product", "pk": 27}, {"fields": {"category": 9, "mins_piece": 20.0, "m_cart": 0.0, "name": "Lat File Cab - 2dr", "p_cart": 0.0, "mult_dollies": 1.0, "l_cart": 0.0, "s_pack": 0.0}, "model": "est_quote.product", "pk": 28}, {"fields": {"category": 9, "mins_piece": 25.0, "m_cart": 0.0, "name": "Lat File Cab - 3-5 dr", "p_cart": 0.0, "mult_dollies": 1.0, "l_cart": 0.0, "s_pack": 0.0}, "model": "est_quote.product", "pk": 29}, {"fields": {"category": 9, "mins_piece": 60.0, "m_cart": 0.0, "name": "Fire File", "p_cart": 0.0, "mult_dollies": 1.0, "l_cart": 0.0, "s_pack": 0.0}, "model": "est_quote.product", "pk": 30}, {"fields": {"category": 9, "mins_piece": 60.0, "m_cart": 0.0, "name": "Map File", "p_cart": 0.0, "mult_dollies": 3.0, "l_cart": 0.0, "s_pack": 0.0}, "model": "est_quote.product", "pk": 31}, {"fields": {"category": 8, "mins_piece": 15.0, "m_cart": 0.0, "name": "Storage Cab - sm", "p_cart": 0.0, "mult_dollies": 1.0, "l_cart": 0.0, "s_pack": 0.0}, "model": "est_quote.product", "pk": 32}, {"fields": {"category": 8, "mins_piece": 20.0, "m_cart": 0.0, "name": "Storage Cab - lg", "p_cart": 0.0, "mult_dollies": 1.0, "l_cart": 0.0, "s_pack": 0.0}, "model": "est_quote.product", "pk": 33}, {"fields": {"category": 10, "mins_piece": 20.0, "m_cart": 0.2, "name": "Computers", "p_cart": 0.0, "mult_dollies": 0.0, "l_cart": 0.0, "s_pack": 0.0}, "model": "est_quote.product", "pk": 34}, {"fields": {"category": 10, "mins_piece": 10.0, "m_cart": 0.085, "name": "Printer/Fax", "p_cart": 0.0, "mult_dollies": 0.0, "l_cart": 0.0, "s_pack": 0.0}, "model": "est_quote.product", "pk": 35}, {"fields": {"category": 10, "mins_piece": 10.0, "m_cart": 0.11, "name": "Misc Computer Equip", "p_cart": 0.0, "mult_dollies": 0.0, "l_cart": 0.0, "s_pack": 0.0}, "model": "est_quote.product", "pk": 36}, {"fields": {"category": 10, "mins_piece": 10.0, "m_cart": 0.0, "name": "AV Cart", "p_cart": 0.0, "mult_dollies": 0.0, "l_cart": 0.0, "s_pack": 0.0}, "model": "est_quote.product", "pk": 37}, {"fields": {"category": 10, "mins_piece": 60.0, "m_cart": 0.0, "name": "Plotter", "p_cart": 0.0, "mult_dollies": 0.0, "l_cart": 0.0, "s_pack": 0.0}, "model": "est_quote.product", "pk": 38}, {"fields": {"category": 10, "mins_piece": 45.0, "m_cart": 0.0, "name": "Large Copier", "p_cart": 0.0, "mult_dollies": 0.0, "l_cart": 0.0, "s_pack": 0.0}, "model": "est_quote.product", "pk": 39}, {"fields": {"category": 10, "mins_piece": 45.0, "m_cart": 0.0, "name": "Network Server Rack", "p_cart": 0.0, "mult_dollies": 1.0, "l_cart": 0.0, "s_pack": 0.0}, "model": "est_quote.product", "pk": 40}, {"fields": {"category": 10, "mins_piece": 30.0, "m_cart": 0.0, "name": "Shredder - lg", "p_cart": 0.0, "mult_dollies": 0.0, "l_cart": 0.0, "s_pack": 0.0}, "model": "est_quote.product", "pk": 41}, {"fields": {"category": 13, "mins_piece": 5.0, "m_cart": 0.0, "name": "Floor Mat", "p_cart": 0.0666, "mult_dollies": 0.0, "l_cart": 0.0, "s_pack": 0.0}, "model": "est_quote.product", "pk": 42}, {"fields": {"category": 13, "mins_piece": 5.0, "m_cart": 0.0, "name": "Trash Can", "p_cart": 0.0, "mult_dollies": 0.05, "l_cart": 0.0, "s_pack": 0.05}, "model": "est_quote.product", "pk": 43}, {"fields": {"category": 13, "mins_piece": 10.0, "m_cart": 0.0, "name": "Coat Rack", "p_cart": 0.0, "mult_dollies": 0.0, "l_cart": 0.0, "s_pack": 0.2}, "model": "est_quote.product", "pk": 44}, {"fields": {"category": 13, "mins_piece": 30.0, "m_cart": 0.0, "name": "Refrigerator", "p_cart": 0.0, "mult_dollies": 1.0, "l_cart": 0.0, "s_pack": 0.0}, "model": "est_quote.product", "pk": 45}, {"fields": {"category": 13, "mins_piece": 10.0, "m_cart": 0.1666, "name": "Microwave", "p_cart": 0.0, "mult_dollies": 0.0, "l_cart": 0.0, "s_pack": 0.0}, "model": "est_quote.product", "pk": 46}, {"fields": {"category": 13, "mins_piece": 10.0, "m_cart": 0.0, "name": "Plant", "p_cart": 0.0, "mult_dollies": 0.25, "l_cart": 0.0, "s_pack": 0.25}, "model": "est_quote.product", "pk": 47}, {"fields": {"category": 13, "mins_piece": 30.0, "m_cart": 1.0, "name": "Packed Machine Cart", "p_cart": 0.0, "mult_dollies": 0.0, "l_cart": 0.0, "s_pack": 0.0}, "model": "est_quote.product", "pk": 48}, {"fields": {"category": 13, "mins_piece": 30.0, "m_cart": 0.0, "name": "Packed Lib Cart", "p_cart": 0.0, "mult_dollies": 0.0, "l_cart": 1.0, "s_pack": 0.0}, "model": "est_quote.product", "pk": 49}, {"fields": {"category": 13, "mins_piece": 30.0, "m_cart": 0.0, "name": "Packed Panel Cart", "p_cart": 1.0, "mult_dollies": 0.0, "l_cart": 0.0, "s_pack": 0.0}, "model": "est_quote.product", "pk": 50}, {"fields": {"category": 13, "mins_piece": 30.0, "m_cart": 0.0, "name": "Packed Speed Pack", "p_cart": 0.0, "mult_dollies": 1.0, "l_cart": 0.0, "s_pack": 1.0}, "model": "est_quote.product", "pk": 51}, {"fields": {"category": 14, "mins_piece": 20.0, "m_cart": 0.0, "name": "Cafe Table", "p_cart": 0.0, "mult_dollies": 1.0, "l_cart": 0.0, "s_pack": 0.0}, "model": "est_quote.product", "pk": 52}, {"fields": {"category": 14, "mins_piece": 25.0, "m_cart": 0.0, "name": "Table - lg", "p_cart": 0.0, "mult_dollies": 1.0, "l_cart": 0.0, "s_pack": 0.0}, "model": "est_quote.product", "pk": 53}, {"fields": {"category": 14, "mins_piece": 10.0, "m_cart": 0.0, "name": "Folding Table", "p_cart": 0.15, "mult_dollies": 0.0, "l_cart": 0.0, "s_pack": 0.0}, "model": "est_quote.product", "pk": 54}, {"fields": {"category": 14, "mins_piece": 30.0, "m_cart": 0.0, "name": "Mobile Table", "p_cart": 0.0, "mult_dollies": 1.0, "l_cart": 0.0, "s_pack": 0.0}, "model": "est_quote.product", "pk": 55}, {"fields": {"category": 14, "mins_piece": 45.0, "m_cart": 0.0, "name": "Tech Bench", "p_cart": 0.0, "mult_dollies": 1.0, "l_cart": 0.0, "s_pack": 0.0}, "model": "est_quote.product", "pk": 56}, {"fields": {"category": 14, "mins_piece": 75.0, "m_cart": 0.0, "name": "Conf Table 10'-13'", "p_cart": 1.0, "mult_dollies": 1.0, "l_cart": 0.0, "s_pack": 0.0}, "model": "est_quote.product", "pk": 57}, {"fields": {"category": 14, "mins_piece": 90.0, "m_cart": 0.0, "name": "Conf Table 14'-18'", "p_cart": 1.0, "mult_dollies": 1.0, "l_cart": 0.0, "s_pack": 0.0}, "model": "est_quote.product", "pk": 58}, {"fields": {"category": 13, "mins_piece": 5.0, "m_cart": 0.0, "name": "Picture - sm", "p_cart": 0.0, "mult_dollies": 0.0666, "l_cart": 0.0, "s_pack": 0.0666}, "model": "est_quote.product", "pk": 59}, {"fields": {"category": 13, "mins_piece": 10.0, "m_cart": 0.0, "name": "Picture - lg", "p_cart": 0.0, "mult_dollies": 0.125, "l_cart": 0.0, "s_pack": 0.125}, "model": "est_quote.product", "pk": 60}, {"fields": {"category": 13, "mins_piece": 10.0, "m_cart": 0.0, "name": "White/Cork Board", "p_cart": 0.1, "mult_dollies": 0.0, "l_cart": 0.0, "s_pack": 0.0}, "model": "est_quote.product", "pk": 61}, {"fields": {"category": 12, "mins_piece": 45.0, "m_cart": 0.0, "name": "Call Station", "p_cart": 1.05, "mult_dollies": 1.05, "l_cart": 0.0, "s_pack": 0.0}, "model": "est_quote.product", "pk": 62}, {"fields": {"category": 12, "mins_piece": 90.0, "m_cart": 0.0, "name": "6'x6' / 8'x8' - non-tile", "p_cart": 1.0, "mult_dollies": 2.0, "l_cart": 0.0, "s_pack": 0.0}, "model": "est_quote.product", "pk": 63}, {"fields": {"category": 12, "mins_piece": 120.0, "m_cart": 0.0, "name": "6'x6' / 8'x8' - tile", "p_cart": 1.0, "mult_dollies": 2.0, "l_cart": 0.0, "s_pack": 0.25}, "model": "est_quote.product", "pk": 64}, {"fields": {"highrise": 0.35, "lng_psh": 0.3, "midrise_elv_frt": 0.15, "street_load": 0.15, "midrise_elev_std": 0.2, "logo": "photo_files/2015-08-12/est_logo_symbol.jpg", "stairs": 0.5}, "model": "est_quote.quotemodifiers", "pk": 1}, {"fields": {"city": "New Felishashire", "st_rate": 40, "address2": "Suite 281", "phone": "210-862-8018x5332", "state": "Massachusetts", "company_name": "Zboncak PLC", "address": "44359 Sawayn Unions", "postal": 38431, "ot_rate": 30}, "model": "est_client.company", "pk": 1}, {"fields": {"city": "Kilbackchester", "st_rate": 40, "address2": "", "phone": "(795)205-4473", "state": "Iowa", "company_name": "Schiller, Parker and Dare", "address": "995 Myron Dale", "postal": 28787, "ot_rate": 30}, "model": "est_client.company", "pk": 2}, {"fields": {"first_name": "Harlow", "last_name": "Waters", "title": "Technical Author", "company": 1, "cell": "(460)762-4065", "desk": "416.937.9757x3219", "email": "kirsten.stamm@torphy.com"}, "model": "est_client.client", "pk": 1}, {"fields": {"first_name": "Tobias ", "last_name": "Ritchie", "title": "Writer", "company": 2, "cell": "(492)684-1529", "desk": "592-862-8123x678", "email": "zieme.mell@gmail.com"}, "model": "est_client.client", "pk": 2}, {"fields": {"codename": "add_logentry", "name": "Can add log entry", "content_type": 1}, "model": "auth.permission", "pk": 1}, {"fields": {"codename": "change_logentry", "name": "Can change log entry", "content_type": 1}, "model": "auth.permission", "pk": 2}, {"fields": {"codename": "delete_logentry", "name": "Can delete log entry", "content_type": 1}, "model": "auth.permission", "pk": 3}, {"fields": {"codename": "add_permission", "name": "Can add permission", "content_type": 2}, "model": "auth.permission", "pk": 4}, {"fields": {"codename": "change_permission", "name": "Can change permission", "content_type": 2}, "model": "auth.permission", "pk": 5}, {"fields": {"codename": "delete_permission", "name": "Can delete permission", "content_type": 2}, "model": "auth.permission", "pk": 6}, {"fields": {"codename": "add_group", "name": "Can add group", "content_type": 3}, "model": "auth.permission", "pk": 7}, {"fields": {"codename": "change_group", "name": "Can change group", "content_type": 3}, "model": "auth.permission", "pk": 8}, {"fields": {"codename": "delete_group", "name": "Can delete group", "content_type": 3}, "model": "auth.permission", "pk": 9}, {"fields": {"codename": "add_user", "name": "Can add user", "content_type": 4}, "model": "auth.permission", "pk": 10}, {"fields": {"codename": "change_user", "name": "Can change user", "content_type": 4}, "model": "auth.permission", "pk": 11}, {"fields": {"codename": "delete_user", "name": "Can delete user", "content_type": 4}, "model": "auth.permission", "pk": 12}, {"fields": {"codename": "add_contenttype", "name": "Can add content type", "content_type": 5}, "model": "auth.permission", "pk": 13}, {"fields": {"codename": "change_contenttype", "name": "Can change content type", "content_type": 5}, "model": "auth.permission", "pk": 14}, {"fields": {"codename": "delete_contenttype", "name": "Can delete content type", "content_type": 5}, "model": "auth.permission", "pk": 15}, {"fields": {"codename": "add_session", "name": "Can add session", "content_type": 6}, "model": "auth.permission", "pk": 16}, {"fields": {"codename": "change_session", "name": "Can change session", "content_type": 6}, "model": "auth.permission", "pk": 17}, {"fields": {"codename": "delete_session", "name": "Can delete session", "content_type": 6}, "model": "auth.permission", "pk": 18}, {"fields": {"codename": "add_site", "name": "Can add site", "content_type": 7}, "model": "auth.permission", "pk": 19}, {"fields": {"codename": "change_site", "name": "Can change site", "content_type": 7}, "model": "auth.permission", "pk": 20}, {"fields": {"codename": "delete_site", "name": "Can delete site", "content_type": 7}, "model": "auth.permission", "pk": 21}, {"fields": {"codename": "add_userprofile", "name": "Can add user profile", "content_type": 8}, "model": "auth.permission", "pk": 22}, {"fields": {"codename": "change_userprofile", "name": "Can change user profile", "content_type": 8}, "model": "auth.permission", "pk": 23}, {"fields": {"codename": "delete_userprofile", "name": "Can delete user profile", "content_type": 8}, "model": "auth.permission", "pk": 24}, {"fields": {"codename": "add_category", "name": "Can add category", "content_type": 9}, "model": "auth.permission", "pk": 25}, {"fields": {"codename": "change_category", "name": "Can change category", "content_type": 9}, "model": "auth.permission", "pk": 26}, {"fields": {"codename": "delete_category", "name": "Can delete category", "content_type": 9}, "model": "auth.permission", "pk": 27}, {"fields": {"codename": "add_product", "name": "Can add product", "content_type": 10}, "model": "auth.permission", "pk": 28}, {"fields": {"codename": "change_product", "name": "Can change product", "content_type": 10}, "model": "auth.permission", "pk": 29}, {"fields": {"codename": "delete_product", "name": "Can delete product", "content_type": 10}, "model": "auth.permission", "pk": 30}, {"fields": {"codename": "add_quotemodifiers", "name": "Can add quote modifiers", "content_type": 11}, "model": "auth.permission", "pk": 31}, {"fields": {"codename": "change_quotemodifiers", "name": "Can change quote modifiers", "content_type": 11}, "model": "auth.permission", "pk": 32}, {"fields": {"codename": "delete_quotemodifiers", "name": "Can delete quote modifiers", "content_type": 11}, "model": "auth.permission", "pk": 33}, {"fields": {"codename": "add_quote", "name": "Can add quote", "content_type": 12}, "model": "auth.permission", "pk": 34}, {"fields": {"codename": "change_quote", "name": "Can change quote", "content_type": 12}, "model": "auth.permission", "pk": 35}, {"fields": {"codename": "delete_quote", "name": "Can delete quote", "content_type": 12}, "model": "auth.permission", "pk": 36}, {"fields": {"codename": "add_productproperties", "name": "Can add product properties", "content_type": 13}, "model": "auth.permission", "pk": 37}, {"fields": {"codename": "change_productproperties", "name": "Can change product properties", "content_type": 13}, "model": "auth.permission", "pk": 38}, {"fields": {"codename": "delete_productproperties", "name": "Can delete product properties", "content_type": 13}, "model": "auth.permission", "pk": 39}, {"fields": {"codename": "add_company", "name": "Can add company", "content_type": 14}, "model": "auth.permission", "pk": 40}, {"fields": {"codename": "change_company", "name": "Can change company", "content_type": 14}, "model": "auth.permission", "pk": 41}, {"fields": {"codename": "delete_company", "name": "Can delete company", "content_type": 14}, "model": "auth.permission", "pk": 42}, {"fields": {"codename": "add_client", "name": "Can add client", "content_type": 15}, "model": "auth.permission", "pk": 43}, {"fields": {"codename": "change_client", "name": "Can change client", "content_type": 15}, "model": "auth.permission", "pk": 44}, {"fields": {"codename": "delete_client", "name": "Can delete client", "content_type": 15}, "model": "auth.permission", "pk": 45}, {"fields": {"codename": "add_registrationprofile", "name": "Can add registration profile", "content_type": 16}, "model": "auth.permission", "pk": 46}, {"fields": {"codename": "change_registrationprofile", "name": "Can change registration profile", "content_type": 16}, "model": "auth.permission", "pk": 47}, {"fields": {"codename": "delete_registrationprofile", "name": "Can delete registration profile", "content_type": 16}, "model": "auth.permission", "pk": 48}, {"fields": {"name": "Estmator Admins", "permissions": [1, 2, 3, 7, 8, 9, 4, 5, 6, 10, 11, 12, 13, 14, 15, 43, 44, 45, 40, 41, 42, 22, 23, 24, 25, 26, 27, 28, 29, 30, 37, 38, 39, 34, 35, 36, 31, 32, 33, 46, 47, 48, 16, 17, 18, 19, 20, 21]}, "model": "auth.group", "pk": 1}, {"fields": {"name": "Sales Users", "permissions": [43, 44, 45, 40, 41, 42, 25, 26, 27, 28, 29, 30, 34, 35, 36, 47]}, "model": "auth.group", "pk": 2}, {"fields": {"username": "scott", "first_name": "Scott ", "last_name": "Schmidt", "is_active": true, "is_superuser": true, "is_staff": true, "last_login": "2015-08-11T20:05:55Z", "groups": [], "user_permissions": [], "password": "pbkdf2_sha256$20000$beAkJSNWNznb$nNgvmtjhbF6zJ54Njo9zrcplffBCuUOzwnjhKf+Jh6Q=", "email": "sjschmidt44@gmail.com", "date_joined": "2015-08-11T20:05:43Z"}, "model": "auth.user", "pk": 1}, {"fields": {"username": "jim", "first_name": "Jim ", "last_name": "Grant", "is_active": true, "is_superuser": true, "is_staff": true, "last_login": null, "groups": [], "user_permissions": [], "password": "pbkdf2_sha256$20000$eZCNubDqCREn$t6HOV8SzvpIKd6ISBGW8pxAqPU7lfKubSSUxbEbqw7A=", "email": "jimgrant@gmail.com", "date_joined": "2015-08-13T19:26:04Z"}, "model": "auth.user", "pk": 2}, {"fields": {"username": "andrew", "first_name": "Andrew", "last_name": "Wilson", "is_active": true, "is_superuser": true, "is_staff": true, "last_login": null, "groups": [], "user_permissions": [], "password": "pbkdf2_sha256$20000$3Y1ccbHVLZCW$ETne5YhGtxe8wo7V2jHCrKm0p2mhgtcnOvMJO/5Bdyc=", "email": "andrew.wilsonx@gmail.com", "date_joined": "2015-08-13T19:28:13Z"}, "model": "auth.user", "pk": 3}, {"fields": {"username": "jonathan", "first_name": "Jonathan", "last_name": "Stalling", "is_active": true, "is_superuser": true, "is_staff": true, "last_login": null, "groups": [], "user_permissions": [], "password": "pbkdf2_sha256$20000$rqLMo6MamIRJ$rB9ZgUfdoAquF7IFIIqlI/1s5RGMX43P4mIrvMzpfD4=", "email": "jonathanstalling@gmail.com", "date_joined": "2015-08-13T19:30:21Z"}, "model": "auth.user", "pk": 4}, {"fields": {"cell": "", "review_intro": "Hello I am an intro", "user": 1, "desk": ""}, "model": "est_profile.userprofile", "pk": 1}, {"fields": {"cell": "", "review_intro": "", "user": 2, "desk": ""}, "model": "est_profile.userprofile", "pk": 2}, {"fields": {"cell": "", "review_intro": "", "user": 3, "desk": ""}, "model": "est_profile.userprofile", "pk": 3}, {"fields": {"cell": "", "review_intro": "", "user": 4, "desk": ""}, "model": "est_profile.userprofile", "pk": 4}, {"fields": {"travel_time": 0, "org_stairs": false, "grand_total": 107, "dest_midrise_elev_std": false, "name": "New Quote", "org_midrise_elv_frt": false, "dest_highrise": false, "org_midrise_elev_std": false, "sub_total": 107, "org_highrise": false, "org_street_load": false, "token": "ff4543c0-2038-41d4-90a8-59f654abedc5", "client": 1, "dest_lng_psh": false, "user": 1, "org_lng_psh": false, "date": "2015-08-12", "dest_stairs": false, "dest_midrise_elv_frt": false, "dest_street_load": false}, "model": "est_quote.quote", "pk": 42}, {"fields": {"travel_time": 0, "org_stairs": false, "grand_total": 107, "dest_midrise_elev_std": false, "name": "New Quote", "org_midrise_elv_frt": false, "dest_highrise": false, "org_midrise_elev_std": false, "sub_total": 107, "org_highrise": false, "org_street_load": false, "token": "ff4543c0-2038-41d4-90a8-59f654abedc5", "client": 1, "dest_lng_psh": false, "user": 1, "org_lng_psh": false, "date": "2015-08-12", "dest_stairs": false, "dest_midrise_elv_frt": false, "dest_street_load": false}, "model": "est_quote.quote", "pk": 43}, {"fields": {"travel_time": 0, "org_stairs": false, "grand_total": 107, "dest_midrise_elev_std": false, "name": "New Quote", "org_midrise_elv_frt": false, "dest_highrise": false, "org_midrise_elev_std": false, "sub_total": 107, "org_highrise": false, "org_street_load": false, "token": "ff4543c0-2038-41d4-90a8-59f654abedc5", "client": 1, "dest_lng_psh": false, "user": 1, "org_lng_psh": false, "date": "2015-08-12", "dest_stairs": false, "dest_midrise_elv_frt": false, "dest_street_load": false}, "model": "est_quote.quote", "pk": 44}, {"fields": {"travel_time": 0, "org_stairs": false, "grand_total": 107, "dest_midrise_elev_std": false, "name": "New Quote", "org_midrise_elv_frt": false, "dest_highrise": false, "org_midrise_elev_std": false, "sub_total": 107, "org_highrise": false, "org_street_load": false, "token": "ff4543c0-2038-41d4-90a8-59f654abedc5", "client": 1, "dest_lng_psh": false, "user": 1, "org_lng_psh": false, "date": "2015-08-12", "dest_stairs": false, "dest_midrise_elv_frt": false, "dest_street_load": false}, "model": "est_quote.quote", "pk": 45}, {"fields": {"travel_time": 0, "org_stairs": false, "grand_total": 107, "dest_midrise_elev_std": false, "name": "New Quote", "org_midrise_elv_frt": false, "dest_highrise": false, "org_midrise_elev_std": false, "sub_total": 107, "org_highrise": false, "org_street_load": false, "token": "ff4543c0-2038-41d4-90a8-59f654abedc5", "client": 1, "dest_lng_psh": false, "user": 1, "org_lng_psh": false, "date": "2015-08-12", "dest_stairs": false, "dest_midrise_elv_frt": false, "dest_street_load": false}, "model": "est_quote.quote", "pk": 46}, {"fields": {"travel_time": 0, "org_stairs": false, "grand_total": 107, "dest_midrise_elev_std": false, "name": "New Quote", "org_midrise_elv_frt": false, "dest_highrise": false, "org_midrise_elev_std": false, "sub_total": 107, "org_highrise": false, "org_street_load": false, "token": "ff4543c0-2038-41d4-90a8-59f654abedc5", "client": 1, "dest_lng_psh": false, "user": 1, "org_lng_psh": false, "date": "2015-08-12", "dest_stairs": false, "dest_midrise_elv_frt": false, "dest_street_load": false}, "model": "est_quote.quote", "pk": 47}, {"fields": {"travel_time": 0, "org_stairs": false, "grand_total": 107, "dest_midrise_elev_std": false, "name": "New Quote", "org_midrise_elv_frt": false, "dest_highrise": false, "org_midrise_elev_std": false, "sub_total": 107, "org_highrise": false, "org_street_load": false, "token": "ff4543c0-2038-41d4-90a8-59f654abedc5", "client": 1, "dest_lng_psh": false, "user": 1, "org_lng_psh": false, "date": "2015-08-12", "dest_stairs": false, "dest_midrise_elv_frt": false, "dest_street_load": false}, "model": "est_quote.quote", "pk": 48}, {"fields": {"travel_time": 0, "org_stairs": false, "grand_total": 107, "dest_midrise_elev_std": false, "name": "New Quote", "org_midrise_elv_frt": false, "dest_highrise": false, "org_midrise_elev_std": false, "sub_total": 107, "org_highrise": false, "org_street_load": false, "token": "ff4543c0-2038-41d4-90a8-59f654abedc5", "client": 1, "dest_lng_psh": false, "user": 1, "org_lng_psh": false, "date": "2015-08-12", "dest_stairs": false, "dest_midrise_elv_frt": false, "dest_street_load": false}, "model": "est_quote.quote", "pk": 49}, {"fields": {"travel_time": 0, "org_stairs": false, "grand_total": 107, "dest_midrise_elev_std": false, "name": "New Quote", "org_midrise_elv_frt": false, "dest_highrise": false, "org_midrise_elev_std": false, "sub_total": 107, "org_highrise": false, "org_street_load": false, "token": "ff4543c0-2038-41d4-90a8-59f654abedc5", "client": 1, "dest_lng_psh": false, "user": 1, "org_lng_psh": false, "date": "2015-08-12", "dest_stairs": false, "dest_midrise_elv_frt": false, "dest_street_load": false}, "model": "est_quote.quote", "pk": 50}, {"fields": {"travel_time": 0, "org_stairs": false, "grand_total": 107, "dest_midrise_elev_std": false, "name": "New Quote", "org_midrise_elv_frt": false, "dest_highrise": false, "org_midrise_elev_std": false, "sub_total": 107, "org_highrise": false, "org_street_load": false, "token": "ff4543c0-2038-41d4-90a8-59f654abedc5", "client": 1, "dest_lng_psh": false, "user": 1, "org_lng_psh": false, "date": "2015-08-12", "dest_stairs": false, "dest_midrise_elv_frt": false, "dest_street_load": false}, "model": "est_quote.quote", "pk": 51}, {"fields": {"travel_time": 0, "org_stairs": false, "grand_total": 71, "dest_midrise_elev_std": false, "name": "Q", "org_midrise_elv_frt": false, "dest_highrise": false, "org_midrise_elev_std": false, "sub_total": 71, "org_highrise": false, "org_street_load": false, "token": "ff4543c0-2038-41d4-90a8-59f654abedc5", "client": 1, "dest_lng_psh": false, "user": 1, "org_lng_psh": false, "date": "2015-08-12", "dest_stairs": false, "dest_midrise_elv_frt": false, "dest_street_load": false}, "model": "est_quote.quote", "pk": 52}, {"fields": {"travel_time": 0, "org_stairs": false, "grand_total": 71, "dest_midrise_elev_std": false, "name": "Q", "org_midrise_elv_frt": false, "dest_highrise": false, "org_midrise_elev_std": false, "sub_total": 71, "org_highrise": false, "org_street_load": false, "token": "ff4543c0-2038-41d4-90a8-59f654abedc5", "client": 1, "dest_lng_psh": false, "user": 1, "org_lng_psh": false, "date": "2015-08-13", "dest_stairs": false, "dest_midrise_elv_frt": false, "dest_street_load": false}, "model": "est_quote.quote", "pk": 53}, {"fields": {"travel_time": 0, "org_stairs": false, "grand_total": 71, "dest_midrise_elev_std": false, "name": "Q", "org_midrise_elv_frt": false, "dest_highrise": false, "org_midrise_elev_std": false, "sub_total": 71, "org_highrise": false, "org_street_load": false, "token": "ff4543c0-2038-41d4-90a8-59f654abedc5", "client": 1, "dest_lng_psh": false, "user": 1, "org_lng_psh": false, "date": "2015-08-13", "dest_stairs": false, "dest_midrise_elv_frt": false, "dest_street_load": false}, "model": "est_quote.quote", "pk": 54}, {"fields": {"travel_time": 0, "org_stairs": false, "grand_total": 71, "dest_midrise_elev_std": false, "name": "Q", "org_midrise_elv_frt": false, "dest_highrise": false, "org_midrise_elev_std": false, "sub_total": 71, "org_highrise": false, "org_street_load": false, "token": "ff4543c0-2038-41d4-90a8-59f654abedc5", "client": 1, "dest_lng_psh": false, "user": 1, "org_lng_psh": false, "date": "2015-08-13", "dest_stairs": false, "dest_midrise_elv_frt": false, "dest_street_load": false}, "model": "est_quote.quote", "pk": 55}, {"fields": {"travel_time": 0, "org_stairs": false, "grand_total": 71, "dest_midrise_elev_std": false, "name": "Q", "org_midrise_elv_frt": false, "dest_highrise": false, "org_midrise_elev_std": false, "sub_total": 71, "org_highrise": false, "org_street_load": false, "token": "ff4543c0-2038-41d4-90a8-59f654abedc5", "client": 1, "dest_lng_psh": false, "user": 1, "org_lng_psh": false, "date": "2015-08-13", "dest_stairs": false, "dest_midrise_elv_frt": false, "dest_street_load": false}, "model": "est_quote.quote", "pk": 56}, {"fields": {"travel_time": 0, "org_stairs": false, "grand_total": 71, "dest_midrise_elev_std": false, "name": "Q", "org_midrise_elv_frt": false, "dest_highrise": false, "org_midrise_elev_std": false, "sub_total": 71, "org_highrise": false, "org_street_load": false, "token": "ff4543c0-2038-41d4-90a8-59f654abedc5", "client": 1, "dest_lng_psh": false, "user": 1, "org_lng_psh": false, "date": "2015-08-13", "dest_stairs": false, "dest_midrise_elv_frt": false, "dest_street_load": false}, "model": "est_quote.quote", "pk": 57}, {"fields": {"travel_time": 0, "org_stairs": false, "grand_total": 210, "dest_midrise_elev_std": false, "name": "ZBA", "org_midrise_elv_frt": false, "dest_highrise": false, "org_midrise_elev_std": false, "sub_total": 210, "org_highrise": false, "org_street_load": false, "token": "236141fa-2f2b-4a77-baab-2338939e4b6e", "client": 2, "dest_lng_psh": false, "user": 1, "org_lng_psh": false, "date": "2015-08-13", "dest_stairs": false, "dest_midrise_elv_frt": false, "dest_street_load": false}, "model": "est_quote.quote", "pk": 58}, {"fields": {"travel_time": 0, "org_stairs": false, "grand_total": 205, "dest_midrise_elev_std": false, "name": "YTE", "org_midrise_elv_frt": false, "dest_highrise": false, "org_midrise_elev_std": false, "sub_total": 205, "org_highrise": false, "org_street_load": false, "token": "cc41e542-3a47-4f57-9ef9-7006f0f57b75", "client": 1, "dest_lng_psh": false, "user": 1, "org_lng_psh": false, "date": "2015-08-13", "dest_stairs": false, "dest_midrise_elv_frt": false, "dest_street_load": false}, "model": "est_quote.quote", "pk": 59}, {"fields": {"travel_time": 0, "org_stairs": false, "grand_total": 205, "dest_midrise_elev_std": false, "name": "YTE", "org_midrise_elv_frt": false, "dest_highrise": false, "org_midrise_elev_std": false, "sub_total": 205, "org_highrise": false, "org_street_load": false, "token": "c3782b85-c9fe-4b90-850a-e581e5366afa", "client": 1, "dest_lng_psh": false, "user": 1, "org_lng_psh": false, "date": "2015-08-13", "dest_stairs": false, "dest_midrise_elv_frt": false, "dest_street_load": false}, "model": "est_quote.quote", "pk": 60}, {"fields": {"travel_time": 0, "org_stairs": false, "grand_total": 0, "dest_midrise_elev_std": false, "name": "YPTE", "org_midrise_elv_frt": false, "dest_highrise": false, "org_midrise_elev_std": false, "sub_total": 0, "org_highrise": false, "org_street_load": false, "token": "20bcdc96-1609-499f-a612-a41f2e85c73f", "client": 1, "dest_lng_psh": false, "user": 1, "org_lng_psh": false, "date": "2015-08-13", "dest_stairs": false, "dest_midrise_elv_frt": false, "dest_street_load": false}, "model": "est_quote.quote", "pk": 61}, {"fields": {"travel_time": 0, "org_stairs": false, "grand_total": 210, "dest_midrise_elev_std": false, "name": "YPTE", "org_midrise_elv_frt": false, "dest_highrise": false, "org_midrise_elev_std": false, "sub_total": 210, "org_highrise": false, "org_street_load": false, "token": "fbd00539-27e0-46f5-adc9-595e4a1717f6", "client": 1, "dest_lng_psh": false, "user": 1, "org_lng_psh": false, "date": "2015-08-13", "dest_stairs": false, "dest_midrise_elv_frt": false, "dest_street_load": false}, "model": "est_quote.quote", "pk": 62}, {"fields": {"travel_time": 0, "org_stairs": false, "grand_total": 210, "dest_midrise_elev_std": false, "name": "POD", "org_midrise_elv_frt": false, "dest_highrise": false, "org_midrise_elev_std": false, "sub_total": 210, "org_highrise": false, "org_street_load": false, "token": "dbf02b6e-8fbf-4025-9707-9a16a9798d3c", "client": 1, "dest_lng_psh": false, "user": 1, "org_lng_psh": false, "date": "2015-08-13", "dest_stairs": false, "dest_midrise_elv_frt": false, "dest_street_load": false}, "model": "est_quote.quote", "pk": 63}, {"fields": {"action_flag": 1, "action_time": "2015-08-12T15:35:22.175Z", "object_repr": "Zboncak PLC", "object_id": "1", "change_message": "", "user": 1, "content_type": 14}, "model": "admin.logentry", "pk": 1}, {"fields": {"action_flag": 1, "action_time": "2015-08-12T15:36:23.198Z", "object_repr": "Schiller, Parker and Dare", "object_id": "2", "change_message": "", "user": 1, "content_type": 14}, "model": "admin.logentry", "pk": 2}, {"fields": {"action_flag": 1, "action_time": "2015-08-12T15:38:29.986Z", "object_repr": "Harlow Waters", "object_id": "1", "change_message": "", "user": 1, "content_type": 15}, "model": "admin.logentry", "pk": 3}, {"fields": {"action_flag": 1, "action_time": "2015-08-12T15:39:33.531Z", "object_repr": "Tobias  Ritchie", "object_id": "2", "change_message": "", "user": 1, "content_type": 15}, "model": "admin.logentry", "pk": 4}, {"fields": {"action_flag": 1, "action_time": "2015-08-12T17:37:28.748Z", "object_repr": "QuoteModifiers object", "object_id": "1", "change_message": "", "user": 1, "content_type": 11}, "model": "admin.logentry", "pk": 5}, {"fields": {"action_flag": 2, "action_time": "2015-08-12T17:38:00.465Z", "object_repr": "QuoteModifiers object", "object_id": "1", "change_message": "No fields changed.", "user": 1, "content_type": 11}, "model": "admin.logentry", "pk": 6}, {"fields": {"action_flag": 2, "action_time": "2015-08-12T17:38:55.344Z", "object_repr": "Category: Cat1", "object_id": "1", "change_message": "Changed name.", "user": 1, "content_type": 9}, "model": "admin.logentry", "pk": 7}, {"fields": {"action_flag": 1, "action_time": "2015-08-12T17:39:01.101Z", "object_repr": "Category: Cat2", "object_id": "2", "change_message": "", "user": 1, "content_type": 9}, "model": "admin.logentry", "pk": 8}, {"fields": {"action_flag": 1, "action_time": "2015-08-12T17:39:04.135Z", "object_repr": "Category: Cat3", "object_id": "3", "change_message": "", "user": 1, "content_type": 9}, "model": "admin.logentry", "pk": 9}, {"fields": {"action_flag": 1, "action_time": "2015-08-12T17:39:23.589Z", "object_repr": "Product: Table", "object_id": "1", "change_message": "", "user": 1, "content_type": 10}, "model": "admin.logentry", "pk": 10}, {"fields": {"action_flag": 1, "action_time": "2015-08-12T17:39:39.115Z", "object_repr": "Product: Table2", "object_id": "2", "change_message": "", "user": 1, "content_type": 10}, "model": "admin.logentry", "pk": 11}, {"fields": {"action_flag": 1, "action_time": "2015-08-12T17:39:48.402Z", "object_repr": "Product: Chair", "object_id": "3", "change_message": "", "user": 1, "content_type": 10}, "model": "admin.logentry", "pk": 12}, {"fields": {"action_flag": 1, "action_time": "2015-08-12T17:40:03.740Z", "object_repr": "Product: Chair2", "object_id": "4", "change_message": "", "user": 1, "content_type": 10}, "model": "admin.logentry", "pk": 13}, {"fields": {"action_flag": 1, "action_time": "2015-08-12T17:40:21.440Z", "object_repr": "Product: Ped", "object_id": "5", "change_message": "", "user": 1, "content_type": 10}, "model": "admin.logentry", "pk": 14}, {"fields": {"action_flag": 1, "action_time": "2015-08-12T17:40:52.586Z", "object_repr": "Product: Ped2", "object_id": "6", "change_message": "", "user": 1, "content_type": 10}, "model": "admin.logentry", "pk": 15}, {"fields": {"action_flag": 2, "action_time": "2015-08-12T17:41:01.121Z", "object_repr": "Product: Ped2", "object_id": "6", "change_message": "No fields changed.", "user": 1, "content_type": 10}, "model": "admin.logentry", "pk": 16}, {"fields": {"action_flag": 2, "action_time": "2015-08-12T17:41:05.105Z", "object_repr": "Product: Ped", "object_id": "5", "change_message": "No fields changed.", "user": 1, "content_type": 10}, "model": "admin.logentry", "pk": 17}, {"fields": {"action_flag": 2, "action_time": "2015-08-12T17:41:22.340Z", "object_repr": "Product: Chair2", "object_id": "4", "change_message": "Changed mult_dollies, m_cart, l_cart, p_cart and s_pack.", "user": 1, "content_type": 10}, "model": "admin.logentry", "pk": 18}, {"fields": {"action_flag": 2, "action_time": "2015-08-12T17:41:34.298Z", "object_repr": "Product: Chair", "object_id": "3", "change_message": "Changed mult_dollies, m_cart, l_cart, p_cart and s_pack.", "user": 1, "content_type": 10}, "model": "admin.logentry", "pk": 19}, {"fields": {"action_flag": 2, "action_time": "2015-08-12T17:42:15.029Z", "object_repr": "Product: Table2", "object_id": "2", "change_message": "Changed mult_dollies, m_cart, l_cart, p_cart and s_pack.", "user": 1, "content_type": 10}, "model": "admin.logentry", "pk": 20}, {"fields": {"action_flag": 2, "action_time": "2015-08-12T17:42:39.021Z", "object_repr": "Product: Table", "object_id": "1", "change_message": "Changed mult_dollies, m_cart, l_cart, p_cart and s_pack.", "user": 1, "content_type": 10}, "model": "admin.logentry", "pk": 21}, {"fields": {"action_flag": 2, "action_time": "2015-08-12T17:43:06.954Z", "object_repr": "estmator.com", "object_id": "1", "change_message": "Changed domain and name.", "user": 1, "content_type": 7}, "model": "admin.logentry", "pk": 22}, {"fields": {"action_flag": 2, "action_time": "2015-08-12T17:43:13.840Z", "object_repr": "estmator.com", "object_id": "1", "change_message": "No fields changed.", "user": 1, "content_type": 7}, "model": "admin.logentry", "pk": 23}, {"fields": {"action_flag": 2, "action_time": "2015-08-12T23:33:09.488Z", "object_repr": "Zboncak PLC", "object_id": "1", "change_message": "Changed postal.", "user": 1, "content_type": 14}, "model": "admin.logentry", "pk": 24}, {"fields": {"action_flag": 3, "action_time": "2015-08-13T19:22:01.509Z", "object_repr": "ProductProperties object", "object_id": "277", "change_message": "", "user": 1, "content_type": 13}, "model": "admin.logentry", "pk": 25}, {"fields": {"action_flag": 3, "action_time": "2015-08-13T19:22:01.537Z", "object_repr": "ProductProperties object", "object_id": "276", "change_message": "", "user": 1, "content_type": 13}, "model": "admin.logentry", "pk": 26}, {"fields": {"action_flag": 3, "action_time": "2015-08-13T19:22:01.539Z", "object_repr": "ProductProperties object", "object_id": "275", "change_message": "", "user": 1, "content_type": 13}, "model": "admin.logentry", "pk": 27}, {"fields": {"action_flag": 3, "action_time": "2015-08-13T19:22:01.540Z", "object_repr": "ProductProperties object", "object_id": "274", "change_message": "", "user": 1, "content_type": 13}, "model": "admin.logentry", "pk": 28}, {"fields": {"action_flag": 3, "action_time": "2015-08-13T19:22:01.541Z", "object_repr": "ProductProperties object", "object_id": "273", "change_message": "", "user": 1, "content_type": 13}, "model": "admin.logentry", "pk": 29}, {"fields": {"action_flag": 3, "action_time": "2015-08-13T19:22:01.542Z", "object_repr": "ProductProperties object", "object_id": "272", "change_message": "", "user": 1, "content_type": 13}, "model": "admin.logentry", "pk": 30}, {"fields": {"action_flag": 3, "action_time": "2015-08-13T19:22:01.543Z", "object_repr": "ProductProperties object", "object_id": "271", "change_message": "", "user": 1, "content_type": 13}, "model": "admin.logentry", "pk": 31}, {"fields": {"action_flag": 3, "action_time": "2015-08-13T19:22:01.544Z", "object_repr": "ProductProperties object", "object_id": "270", "change_message": "", "user": 1, "content_type": 13}, "model": "admin.logentry", "pk": 32}, {"fields": {"action_flag": 3, "action_time": "2015-08-13T19:22:01.545Z", "object_repr": "ProductProperties object", "object_id": "269", "change_message": "", "user": 1, "content_type": 13}, "model": "admin.logentry", "pk": 33}, {"fields": {"action_flag": 3, "action_time": "2015-08-13T19:22:01.546Z", "object_repr": "ProductProperties object", "object_id": "268", "change_message": "", "user": 1, "content_type": 13}, "model": "admin.logentry", "pk": 34}, {"fields": {"action_flag": 3, "action_time": "2015-08-13T19:22:01.547Z", "object_repr": "ProductProperties object", "object_id": "267", "change_message": "", "user": 1, "content_type": 13}, "model": "admin.logentry", "pk": 35}, {"fields": {"action_flag": 3, "action_time": "2015-08-13T19:22:01.548Z", "object_repr": "ProductProperties object", "object_id": "266", "change_message": "", "user": 1, "content_type": 13}, "model": "admin.logentry", "pk": 36}, {"fields": {"action_flag": 3, "action_time": "2015-08-13T19:22:01.549Z", "object_repr": "ProductProperties object", "object_id": "265", "change_message": "", "user": 1, "content_type": 13}, "model": "admin.logentry", "pk": 37}, {"fields": {"action_flag": 3, "action_time": "2015-08-13T19:22:01.550Z", "object_repr": "ProductProperties object", "object_id": "264", "change_message": "", "user": 1, "content_type": 13}, "model": "admin.logentry", "pk": 38}, {"fields": {"action_flag": 3, "action_time": "2015-08-13T19:22:01.551Z", "object_repr": "ProductProperties object", "object_id": "263", "change_message": "", "user": 1, "content_type": 13}, "model": "admin.logentry", "pk": 39}, {"fields": {"action_flag": 3, "action_time": "2015-08-13T19:22:01.552Z", "object_repr": "ProductProperties object", "object_id": "262", "change_message": "", "user": 1, "content_type": 13}, "model": "admin.logentry", "pk": 40}, {"fields": {"action_flag": 3, "action_time": "2015-08-13T19:22:01.553Z", "object_repr": "ProductProperties object", "object_id": "261", "change_message": "", "user": 1, "content_type": 13}, "model": "admin.logentry", "pk": 41}, {"fields": {"action_flag": 3, "action_time": "2015-08-13T19:22:01.553Z", "object_repr": "ProductProperties object", "object_id": "260", "change_message": "", "user": 1, "content_type": 13}, "model": "admin.logentry", "pk": 42}, {"fields": {"action_flag": 3, "action_time": "2015-08-13T19:22:01.554Z", "object_repr": "ProductProperties object", "object_id": "259", "change_message": "", "user": 1, "content_type": 13}, "model": "admin.logentry", "pk": 43}, {"fields": {"action_flag": 3, "action_time": "2015-08-13T19:22:01.555Z", "object_repr": "ProductProperties object", "object_id": "258", "change_message": "", "user": 1, "content_type": 13}, "model": "admin.logentry", "pk": 44}, {"fields": {"action_flag": 3, "action_time": "2015-08-13T19:22:01.556Z", "object_repr": "ProductProperties object", "object_id": "257", "change_message": "", "user": 1, "content_type": 13}, "model": "admin.logentry", "pk": 45}, {"fields": {"action_flag": 3, "action_time": "2015-08-13T19:22:01.556Z", "object_repr": "ProductProperties object", "object_id": "256", "change_message": "", "user": 1, "content_type": 13}, "model": "admin.logentry", "pk": 46}, {"fields": {"action_flag": 3, "action_time": "2015-08-13T19:22:01.557Z", "object_repr": "ProductProperties object", "object_id": "255", "change_message": "", "user": 1, "content_type": 13}, "model": "admin.logentry", "pk": 47}, {"fields": {"action_flag": 3, "action_time": "2015-08-13T19:22:01.558Z", "object_repr": "ProductProperties object", "object_id": "254", "change_message": "", "user": 1, "content_type": 13}, "model": "admin.logentry", "pk": 48}, {"fields": {"action_flag": 3, "action_time": "2015-08-13T19:22:01.559Z", "object_repr": "ProductProperties object", "object_id": "253", "change_message": "", "user": 1, "content_type": 13}, "model": "admin.logentry", "pk": 49}, {"fields": {"action_flag": 3, "action_time": "2015-08-13T19:22:01.559Z", "object_repr": "ProductProperties object", "object_id": "252", "change_message": "", "user": 1, "content_type": 13}, "model": "admin.logentry", "pk": 50}, {"fields": {"action_flag": 3, "action_time": "2015-08-13T19:22:01.560Z", "object_repr": "ProductProperties object", "object_id": "251", "change_message": "", "user": 1, "content_type": 13}, "model": "admin.logentry", "pk": 51}, {"fields": {"action_flag": 3, "action_time": "2015-08-13T19:22:01.561Z", "object_repr": "ProductProperties object", "object_id": "250", "change_message": "", "user": 1, "content_type": 13}, "model": "admin.logentry", "pk": 52}, {"fields": {"action_flag": 3, "action_time": "2015-08-13T19:22:01.561Z", "object_repr": "ProductProperties object", "object_id": "249", "change_message": "", "user": 1, "content_type": 13}, "model": "admin.logentry", "pk": 53}, {"fields": {"action_flag": 3, "action_time": "2015-08-13T19:22:01.562Z", "object_repr": "ProductProperties object", "object_id": "248", "change_message": "", "user": 1, "content_type": 13}, "model": "admin.logentry", "pk": 54}, {"fields": {"action_flag": 3, "action_time": "2015-08-13T19:22:01.563Z", "object_repr": "ProductProperties object", "object_id": "247", "change_message": "", "user": 1, "content_type": 13}, "model": "admin.logentry", "pk": 55}, {"fields": {"action_flag": 3, "action_time": "2015-08-13T19:22:01.563Z", "object_repr": "ProductProperties object", "object_id": "246", "change_message": "", "user": 1, "content_type": 13}, "model": "admin.logentry", "pk": 56}, {"fields": {"action_flag": 3, "action_time": "2015-08-13T19:22:01.564Z", "object_repr": "ProductProperties object", "object_id": "245", "change_message": "", "user": 1, "content_type": 13}, "model": "admin.logentry", "pk": 57}, {"fields": {"action_flag": 3, "action_time": "2015-08-13T19:22:01.565Z", "object_repr": "ProductProperties object", "object_id": "244", "change_message": "", "user": 1, "content_type": 13}, "model": "admin.logentry", "pk": 58}, {"fields": {"action_flag": 3, "action_time": "2015-08-13T19:22:01.565Z", "object_repr": "ProductProperties object", "object_id": "243", "change_message": "", "user": 1, "content_type": 13}, "model": "admin.logentry", "pk": 59}, {"fields": {"action_flag": 3, "action_time": "2015-08-13T19:22:01.566Z", "object_repr": "ProductProperties object", "object_id": "242", "change_message": "", "user": 1, "content_type": 13}, "model": "admin.logentry", "pk": 60}, {"fields": {"action_flag": 3, "action_time": "2015-08-13T19:22:01.567Z", "object_repr": "ProductProperties object", "object_id": "241", "change_message": "", "user": 1, "content_type": 13}, "model": "admin.logentry", "pk": 61}, {"fields": {"action_flag": 3, "action_time": "2015-08-13T19:22:01.568Z", "object_repr": "ProductProperties object", "object_id": "240", "change_message": "", "user": 1, "content_type": 13}, "model": "admin.logentry", "pk": 62}, {"fields": {"action_flag": 3, "action_time": "2015-08-13T19:22:01.568Z", "object_repr": "ProductProperties object", "object_id": "239", "change_message": "", "user": 1, "content_type": 13}, "model": "admin.logentry", "pk": 63}, {"fields": {"action_flag": 3, "action_time": "2015-08-13T19:22:01.569Z", "object_repr": "ProductProperties object", "object_id": "238", "change_message": "", "user": 1, "content_type": 13}, "model": "admin.logentry", "pk": 64}, {"fields": {"action_flag": 3, "action_time": "2015-08-13T19:22:01.570Z", "object_repr": "ProductProperties object", "object_id": "237", "change_message": "", "user": 1, "content_type": 13}, "model": "admin.logentry", "pk": 65}, {"fields": {"action_flag": 3, "action_time": "2015-08-13T19:22:01.571Z", "object_repr": "ProductProperties object", "object_id": "236", "change_message": "", "user": 1, "content_type": 13}, "model": "admin.logentry", "pk": 66}, {"fields": {"action_flag": 3, "action_time": "2015-08-13T19:22:01.571Z", "object_repr": "ProductProperties object", "object_id": "235", "change_message": "", "user": 1, "content_type": 13}, "model": "admin.logentry", "pk": 67}, {"fields": {"action_flag": 3, "action_time": "2015-08-13T19:22:01.572Z", "object_repr": "ProductProperties object", "object_id": "234", "change_message": "", "user": 1, "content_type": 13}, "model": "admin.logentry", "pk": 68}, {"fields": {"action_flag": 3, "action_time": "2015-08-13T19:22:01.573Z", "object_repr": "ProductProperties object", "object_id": "233", "change_message": "", "user": 1, "content_type": 13}, "model": "admin.logentry", "pk": 69}, {"fields": {"action_flag": 3, "action_time": "2015-08-13T19:22:01.573Z", "object_repr": "ProductProperties object", "object_id": "232", "change_message": "", "user": 1, "content_type": 13}, "model": "admin.logentry", "pk": 70}, {"fields": {"action_flag": 3, "action_time": "2015-08-13T19:22:01.574Z", "object_repr": "ProductProperties object", "object_id": "231", "change_message": "", "user": 1, "content_type": 13}, "model": "admin.logentry", "pk": 71}, {"fields": {"action_flag": 3, "action_time": "2015-08-13T19:22:01.575Z", "object_repr": "ProductProperties object", "object_id": "230", "change_message": "", "user": 1, "content_type": 13}, "model": "admin.logentry", "pk": 72}, {"fields": {"action_flag": 3, "action_time": "2015-08-13T19:22:01.575Z", "object_repr": "ProductProperties object", "object_id": "229", "change_message": "", "user": 1, "content_type": 13}, "model": "admin.logentry", "pk": 73}, {"fields": {"action_flag": 3, "action_time": "2015-08-13T19:22:01.576Z", "object_repr": "ProductProperties object", "object_id": "228", "change_message": "", "user": 1, "content_type": 13}, "model": "admin.logentry", "pk": 74}, {"fields": {"action_flag": 3, "action_time": "2015-08-13T19:22:01.577Z", "object_repr": "ProductProperties object", "object_id": "227", "change_message": "", "user": 1, "content_type": 13}, "model": "admin.logentry", "pk": 75}, {"fields": {"action_flag": 3, "action_time": "2015-08-13T19:22:01.578Z", "object_repr": "ProductProperties object", "object_id": "226", "change_message": "", "user": 1, "content_type": 13}, "model": "admin.logentry", "pk": 76}, {"fields": {"action_flag": 3, "action_time": "2015-08-13T19:22:01.578Z", "object_repr": "ProductProperties object", "object_id": "225", "change_message": "", "user": 1, "content_type": 13}, "model": "admin.logentry", "pk": 77}, {"fields": {"action_flag": 3, "action_time": "2015-08-13T19:22:01.579Z", "object_repr": "ProductProperties object", "object_id": "224", "change_message": "", "user": 1, "content_type": 13}, "model": "admin.logentry", "pk": 78}, {"fields": {"action_flag": 3, "action_time": "2015-08-13T19:22:01.580Z", "object_repr": "ProductProperties object", "object_id": "223", "change_message": "", "user": 1, "content_type": 13}, "model": "admin.logentry", "pk": 79}, {"fields": {"action_flag": 3, "action_time": "2015-08-13T19:22:01.581Z", "object_repr": "ProductProperties object", "object_id": "222", "change_message": "", "user": 1, "content_type": 13}, "model": "admin.logentry", "pk": 80}, {"fields": {"action_flag": 3, "action_time": "2015-08-13T19:22:01.581Z", "object_repr": "ProductProperties object", "object_id": "221", "change_message": "", "user": 1, "content_type": 13}, "model": "admin.logentry", "pk": 81}, {"fields": {"action_flag": 3, "action_time": "2015-08-13T19:22:01.582Z", "object_repr": "ProductProperties object", "object_id": "220", "change_message": "", "user": 1, "content_type": 13}, "model": "admin.logentry", "pk": 82}, {"fields": {"action_flag": 3, "action_time": "2015-08-13T19:22:01.583Z", "object_repr": "ProductProperties object", "object_id": "219", "change_message": "", "user": 1, "content_type": 13}, "model": "admin.logentry", "pk": 83}, {"fields": {"action_flag": 3, "action_time": "2015-08-13T19:22:01.583Z", "object_repr": "ProductProperties object", "object_id": "218", "change_message": "", "user": 1, "content_type": 13}, "model": "admin.logentry", "pk": 84}, {"fields": {"action_flag": 3, "action_time": "2015-08-13T19:22:01.584Z", "object_repr": "ProductProperties object", "object_id": "217", "change_message": "", "user": 1, "content_type": 13}, "model": "admin.logentry", "pk": 85}, {"fields": {"action_flag": 3, "action_time": "2015-08-13T19:22:01.585Z", "object_repr": "ProductProperties object", "object_id": "216", "change_message": "", "user": 1, "content_type": 13}, "model": "admin.logentry", "pk": 86}, {"fields": {"action_flag": 3, "action_time": "2015-08-13T19:22:01.585Z", "object_repr": "ProductProperties object", "object_id": "215", "change_message": "", "user": 1, "content_type": 13}, "model": "admin.logentry", "pk": 87}, {"fields": {"action_flag": 3, "action_time": "2015-08-13T19:22:01.586Z", "object_repr": "ProductProperties object", "object_id": "214", "change_message": "", "user": 1, "content_type": 13}, "model": "admin.logentry", "pk": 88}, {"fields": {"action_flag": 3, "action_time": "2015-08-13T19:22:01.587Z", "object_repr": "ProductProperties object", "object_id": "213", "change_message": "", "user": 1, "content_type": 13}, "model": "admin.logentry", "pk": 89}, {"fields": {"action_flag": 3, "action_time": "2015-08-13T19:22:01.587Z", "object_repr": "ProductProperties object", "object_id": "212", "change_message": "", "user": 1, "content_type": 13}, "model": "admin.logentry", "pk": 90}, {"fields": {"action_flag": 3, "action_time": "2015-08-13T19:22:01.590Z", "object_repr": "ProductProperties object", "object_id": "211", "change_message": "", "user": 1, "content_type": 13}, "model": "admin.logentry", "pk": 91}, {"fields": {"action_flag": 3, "action_time": "2015-08-13T19:22:01.591Z", "object_repr": "ProductProperties object", "object_id": "210", "change_message": "", "user": 1, "content_type": 13}, "model": "admin.logentry", "pk": 92}, {"fields": {"action_flag": 3, "action_time": "2015-08-13T19:22:01.591Z", "object_repr": "ProductProperties object", "object_id": "209", "change_message": "", "user": 1, "content_type": 13}, "model": "admin.logentry", "pk": 93}, {"fields": {"action_flag": 3, "action_time": "2015-08-13T19:22:01.592Z", "object_repr": "ProductProperties object", "object_id": "208", "change_message": "", "user": 1, "content_type": 13}, "model": "admin.logentry", "pk": 94}, {"fields": {"action_flag": 3, "action_time": "2015-08-13T19:22:01.593Z", "object_repr": "ProductProperties object", "object_id": "207", "change_message": "", "user": 1, "content_type": 13}, "model": "admin.logentry", "pk": 95}, {"fields": {"action_flag": 3, "action_time": "2015-08-13T19:22:01.594Z", "object_repr": "ProductProperties object", "object_id": "206", "change_message": "", "user": 1, "content_type": 13}, "model": "admin.logentry", "pk": 96}, {"fields": {"action_flag": 3, "action_time": "2015-08-13T19:22:01.594Z", "object_repr": "ProductProperties object", "object_id": "205", "change_message": "", "user": 1, "content_type": 13}, "model": "admin.logentry", "pk": 97}, {"fields": {"action_flag": 3, "action_time": "2015-08-13T19:22:01.595Z", "object_repr": "ProductProperties object", "object_id": "204", "change_message": "", "user": 1, "content_type": 13}, "model": "admin.logentry", "pk": 98}, {"fields": {"action_flag": 3, "action_time": "2015-08-13T19:22:01.596Z", "object_repr": "ProductProperties object", "object_id": "203", "change_message": "", "user": 1, "content_type": 13}, "model": "admin.logentry", "pk": 99}, {"fields": {"action_flag": 3, "action_time": "2015-08-13T19:22:01.597Z", "object_repr": "ProductProperties object", "object_id": "202", "change_message": "", "user": 1, "content_type": 13}, "model": "admin.logentry", "pk": 100}, {"fields": {"action_flag": 3, "action_time": "2015-08-13T19:22:01.598Z", "object_repr": "ProductProperties object", "object_id": "201", "change_message": "", "user": 1, "content_type": 13}, "model": "admin.logentry", "pk": 101}, {"fields": {"action_flag": 3, "action_time": "2015-08-13T19:22:01.598Z", "object_repr": "ProductProperties object", "object_id": "200", "change_message": "", "user": 1, "content_type": 13}, "model": "admin.logentry", "pk": 102}, {"fields": {"action_flag": 3, "action_time": "2015-08-13T19:22:01.599Z", "object_repr": "ProductProperties object", "object_id": "199", "change_message": "", "user": 1, "content_type": 13}, "model": "admin.logentry", "pk": 103}, {"fields": {"action_flag": 3, "action_time": "2015-08-13T19:22:01.600Z", "object_repr": "ProductProperties object", "object_id": "198", "change_message": "", "user": 1, "content_type": 13}, "model": "admin.logentry", "pk": 104}, {"fields": {"action_flag": 3, "action_time": "2015-08-13T19:22:01.601Z", "object_repr": "ProductProperties object", "object_id": "197", "change_message": "", "user": 1, "content_type": 13}, "model": "admin.logentry", "pk": 105}, {"fields": {"action_flag": 3, "action_time": "2015-08-13T19:22:01.601Z", "object_repr": "ProductProperties object", "object_id": "196", "change_message": "", "user": 1, "content_type": 13}, "model": "admin.logentry", "pk": 106}, {"fields": {"action_flag": 3, "action_time": "2015-08-13T19:22:01.602Z", "object_repr": "ProductProperties object", "object_id": "195", "change_message": "", "user": 1, "content_type": 13}, "model": "admin.logentry", "pk": 107}, {"fields": {"action_flag": 3, "action_time": "2015-08-13T19:22:01.603Z", "object_repr": "ProductProperties object", "object_id": "194", "change_message": "", "user": 1, "content_type": 13}, "model": "admin.logentry", "pk": 108}, {"fields": {"action_flag": 3, "action_time": "2015-08-13T19:22:01.603Z", "object_repr": "ProductProperties object", "object_id": "193", "change_message": "", "user": 1, "content_type": 13}, "model": "admin.logentry", "pk": 109}, {"fields": {"action_flag": 3, "action_time": "2015-08-13T19:22:01.604Z", "object_repr": "ProductProperties object", "object_id": "192", "change_message": "", "user": 1, "content_type": 13}, "model": "admin.logentry", "pk": 110}, {"fields": {"action_flag": 3, "action_time": "2015-08-13T19:22:01.605Z", "object_repr": "ProductProperties object", "object_id": "191", "change_message": "", "user": 1, "content_type": 13}, "model": "admin.logentry", "pk": 111}, {"fields": {"action_flag": 3, "action_time": "2015-08-13T19:22:01.605Z", "object_repr": "ProductProperties object", "object_id": "190", "change_message": "", "user": 1, "content_type": 13}, "model": "admin.logentry", "pk": 112}, {"fields": {"action_flag": 3, "action_time": "2015-08-13T19:22:01.606Z", "object_repr": "ProductProperties object", "object_id": "189", "change_message": "", "user": 1, "content_type": 13}, "model": "admin.logentry", "pk": 113}, {"fields": {"action_flag": 3, "action_time": "2015-08-13T19:22:01.607Z", "object_repr": "ProductProperties object", "object_id": "188", "change_message": "", "user": 1, "content_type": 13}, "model": "admin.logentry", "pk": 114}, {"fields": {"action_flag": 3, "action_time": "2015-08-13T19:22:01.607Z", "object_repr": "ProductProperties object", "object_id": "187", "change_message": "", "user": 1, "content_type": 13}, "model": "admin.logentry", "pk": 115}, {"fields": {"action_flag": 3, "action_time": "2015-08-13T19:22:01.608Z", "object_repr": "ProductProperties object", "object_id": "186", "change_message": "", "user": 1, "content_type": 13}, "model": "admin.logentry", "pk": 116}, {"fields": {"action_flag": 3, "action_time": "2015-08-13T19:22:01.609Z", "object_repr": "ProductProperties object", "object_id": "185", "change_message": "", "user": 1, "content_type": 13}, "model": "admin.logentry", "pk": 117}, {"fields": {"action_flag": 3, "action_time": "2015-08-13T19:22:01.609Z", "object_repr": "ProductProperties object", "object_id": "184", "change_message": "", "user": 1, "content_type": 13}, "model": "admin.logentry", "pk": 118}, {"fields": {"action_flag": 3, "action_time": "2015-08-13T19:22:01.610Z", "object_repr": "ProductProperties object", "object_id": "183", "change_message": "", "user": 1, "content_type": 13}, "model": "admin.logentry", "pk": 119}, {"fields": {"action_flag": 3, "action_time": "2015-08-13T19:22:01.611Z", "object_repr": "ProductProperties object", "object_id": "182", "change_message": "", "user": 1, "content_type": 13}, "model": "admin.logentry", "pk": 120}, {"fields": {"action_flag": 3, "action_time": "2015-08-13T19:22:01.611Z", "object_repr": "ProductProperties object", "object_id": "181", "change_message": "", "user": 1, "content_type": 13}, "model": "admin.logentry", "pk": 121}, {"fields": {"action_flag": 3, "action_time": "2015-08-13T19:22:01.612Z", "object_repr": "ProductProperties object", "object_id": "180", "change_message": "", "user": 1, "content_type": 13}, "model": "admin.logentry", "pk": 122}, {"fields": {"action_flag": 3, "action_time": "2015-08-13T19:22:01.613Z", "object_repr": "ProductProperties object", "object_id": "179", "change_message": "", "user": 1, "content_type": 13}, "model": "admin.logentry", "pk": 123}, {"fields": {"action_flag": 3, "action_time": "2015-08-13T19:22:01.613Z", "object_repr": "ProductProperties object", "object_id": "178", "change_message": "", "user": 1, "content_type": 13}, "model": "admin.logentry", "pk": 124}, {"fields": {"action_flag": 3, "action_time": "2015-08-13T19:22:09.719Z", "object_repr": "ProductProperties object", "object_id": "177", "change_message": "", "user": 1, "content_type": 13}, "model": "admin.logentry", "pk": 125}, {"fields": {"action_flag": 3, "action_time": "2015-08-13T19:22:09.722Z", "object_repr": "ProductProperties object", "object_id": "176", "change_message": "", "user": 1, "content_type": 13}, "model": "admin.logentry", "pk": 126}, {"fields": {"action_flag": 3, "action_time": "2015-08-13T19:22:09.723Z", "object_repr": "ProductProperties object", "object_id": "175", "change_message": "", "user": 1, "content_type": 13}, "model": "admin.logentry", "pk": 127}, {"fields": {"action_flag": 3, "action_time": "2015-08-13T19:22:09.724Z", "object_repr": "ProductProperties object", "object_id": "174", "change_message": "", "user": 1, "content_type": 13}, "model": "admin.logentry", "pk": 128}, {"fields": {"action_flag": 3, "action_time": "2015-08-13T19:22:09.725Z", "object_repr": "ProductProperties object", "object_id": "173", "change_message": "", "user": 1, "content_type": 13}, "model": "admin.logentry", "pk": 129}, {"fields": {"action_flag": 3, "action_time": "2015-08-13T19:22:09.726Z", "object_repr": "ProductProperties object", "object_id": "172", "change_message": "", "user": 1, "content_type": 13}, "model": "admin.logentry", "pk": 130}, {"fields": {"action_flag": 3, "action_time": "2015-08-13T19:22:09.727Z", "object_repr": "ProductProperties object", "object_id": "171", "change_message": "", "user": 1, "content_type": 13}, "model": "admin.logentry", "pk": 131}, {"fields": {"action_flag": 3, "action_time": "2015-08-13T19:22:09.729Z", "object_repr": "ProductProperties object", "object_id": "170", "change_message": "", "user": 1, "content_type": 13}, "model": "admin.logentry", "pk": 132}, {"fields": {"action_flag": 3, "action_time": "2015-08-13T19:22:09.730Z", "object_repr": "ProductProperties object", "object_id": "169", "change_message": "", "user": 1, "content_type": 13}, "model": "admin.logentry", "pk": 133}, {"fields": {"action_flag": 3, "action_time": "2015-08-13T19:22:09.730Z", "object_repr": "ProductProperties object", "object_id": "168", "change_message": "", "user": 1, "content_type": 13}, "model": "admin.logentry", "pk": 134}, {"fields": {"action_flag": 2, "action_time": "2015-08-13T19:24:02.312Z", "object_repr": "scott", "object_id": "1", "change_message": "Changed first_name and last_name.", "user": 1, "content_type": 4}, "model": "admin.logentry", "pk": 135}, {"fields": {"action_flag": 1, "action_time": "2015-08-13T19:24:19.134Z", "object_repr": "Estmator Admins", "object_id": "1", "change_message": "", "user": 1, "content_type": 3}, "model": "admin.logentry", "pk": 136}, {"fields": {"action_flag": 2, "action_time": "2015-08-13T19:24:30.008Z", "object_repr": "scott", "object_id": "1", "change_message": "No fields changed.", "user": 1, "content_type": 4}, "model": "admin.logentry", "pk": 137}, {"fields": {"action_flag": 1, "action_time": "2015-08-13T19:26:04.543Z", "object_repr": "jim", "object_id": "2", "change_message": "", "user": 1, "content_type": 4}, "model": "admin.logentry", "pk": 138}, {"fields": {"action_flag": 2, "action_time": "2015-08-13T19:27:17.758Z", "object_repr": "jim", "object_id": "2", "change_message": "Changed first_name, last_name, email, is_staff and is_superuser.", "user": 1, "content_type": 4}, "model": "admin.logentry", "pk": 139}, {"fields": {"action_flag": 1, "action_time": "2015-08-13T19:28:13.295Z", "object_repr": "andrew", "object_id": "3", "change_message": "", "user": 1, "content_type": 4}, "model": "admin.logentry", "pk": 140}, {"fields": {"action_flag": 2, "action_time": "2015-08-13T19:29:01.030Z", "object_repr": "andrew", "object_id": "3", "change_message": "Changed first_name, last_name, email, is_staff and is_superuser.", "user": 1, "content_type": 4}, "model": "admin.logentry", "pk": 141}, {"fields": {"action_flag": 1, "action_time": "2015-08-13T19:30:21.564Z", "object_repr": "jonathan", "object_id": "4", "change_message": "", "user": 1, "content_type": 4}, "model": "admin.logentry", "pk": 142}, {"fields": {"action_flag": 2, "action_time": "2015-08-13T19:30:47.172Z", "object_repr": "jonathan", "object_id": "4", "change_message": "Changed first_name, last_name, email, is_staff and is_superuser.", "user": 1, "content_type": 4}, "model": "admin.logentry", "pk": 143}, {"fields": {"action_flag": 1, "action_time": "2015-08-13T19:32:51.798Z", "object_repr": "Sales Users", "object_id": "2", "change_message": "", "user": 1, "content_type": 3}, "model": "admin.logentry", "pk": 144}, {"fields": {"action_flag": 3, "action_time": "2015-08-13T19:34:00.423Z", "object_repr": "Category: Cat3", "object_id": "3", "change_message": "", "user": 1, "content_type": 9}, "model": "admin.logentry", "pk": 145}, {"fields": {"action_flag": 3, "action_time": "2015-08-13T19:34:00.427Z", "object_repr": "Category: Cat2", "object_id": "2", "change_message": "", "user": 1, "content_type": 9}, "model": "admin.logentry", "pk": 146}, {"fields": {"action_flag": 3, "action_time": "2015-08-13T19:34:00.429Z", "object_repr": "Category: Cat1", "object_id": "1", "change_message": "", "user": 1, "content_type": 9}, "model": "admin.logentry", "pk": 147}, {"fields": {"action_flag": 1, "action_time": "2015-08-13T19:58:31.855Z", "object_repr": "Category: Equipment", "object_id": "4", "change_message": "", "user": 1, "content_type": 9}, "model": "admin.logentry", "pk": 148}, {"fields": {"action_flag": 1, "action_time": "2015-08-13T19:59:32.166Z", "object_repr": "Category: Seating", "object_id": "5", "change_message": "", "user": 1, "content_type": 9}, "model": "admin.logentry", "pk": 149}, {"fields": {"action_flag": 1, "action_time": "2015-08-13T19:59:39.352Z", "object_repr": "Category: Desking", "object_id": "6", "change_message": "", "user": 1, "content_type": 9}, "model": "admin.logentry", "pk": 150}, {"fields": {"action_flag": 1, "action_time": "2015-08-13T20:00:13.698Z", "object_repr": "Category: Shelving", "object_id": "7", "change_message": "", "user": 1, "content_type": 9}, "model": "admin.logentry", "pk": 151}, {"fields": {"action_flag": 1, "action_time": "2015-08-13T20:00:22.089Z", "object_repr": "Category: Storage", "object_id": "8", "change_message": "", "user": 1, "content_type": 9}, "model": "admin.logentry", "pk": 152}, {"fields": {"action_flag": 1, "action_time": "2015-08-13T20:00:31.371Z", "object_repr": "Category: Filing", "object_id": "9", "change_message": "", "user": 1, "content_type": 9}, "model": "admin.logentry", "pk": 153}, {"fields": {"action_flag": 1, "action_time": "2015-08-13T20:00:38.380Z", "object_repr": "Category: Technology", "object_id": "10", "change_message": "", "user": 1, "content_type": 9}, "model": "admin.logentry", "pk": 154}, {"fields": {"action_flag": 1, "action_time": "2015-08-13T20:00:57.120Z", "object_repr": "Category: Packing", "object_id": "11", "change_message": "", "user": 1, "content_type": 9}, "model": "admin.logentry", "pk": 155}, {"fields": {"action_flag": 1, "action_time": "2015-08-13T20:01:34.744Z", "object_repr": "Category: Workstations", "object_id": "12", "change_message": "", "user": 1, "content_type": 9}, "model": "admin.logentry", "pk": 156}, {"fields": {"action_flag": 1, "action_time": "2015-08-13T20:01:59.873Z", "object_repr": "Category: Miscellaneous", "object_id": "13", "change_message": "", "user": 1, "content_type": 9}, "model": "admin.logentry", "pk": 157}, {"fields": {"action_flag": 1, "action_time": "2015-08-13T20:14:44.058Z", "object_repr": "Product: E-Crate", "object_id": "7", "change_message": "", "user": 1, "content_type": 10}, "model": "admin.logentry", "pk": 158}, {"fields": {"action_flag": 1, "action_time": "2015-08-13T20:16:00.328Z", "object_repr": "Product: PBO ctn 1.5cu", "object_id": "8", "change_message": "", "user": 1, "content_type": 10}, "model": "admin.logentry", "pk": 159}, {"fields": {"action_flag": 1, "action_time": "2015-08-13T20:16:53.498Z", "object_repr": "Product: Speed Pack", "object_id": "9", "change_message": "", "user": 1, "content_type": 10}, "model": "admin.logentry", "pk": 160}, {"fields": {"action_flag": 1, "action_time": "2015-08-13T20:17:42.389Z", "object_repr": "Product: AutoBottoms", "object_id": "10", "change_message": "", "user": 1, "content_type": 10}, "model": "admin.logentry", "pk": 161}, {"fields": {"action_flag": 1, "action_time": "2015-08-13T20:18:01.943Z", "object_repr": "Product: Panel Carts", "object_id": "11", "change_message": "", "user": 1, "content_type": 10}, "model": "admin.logentry", "pk": 162}, {"fields": {"action_flag": 2, "action_time": "2015-08-13T20:18:11.241Z", "object_repr": "Product: Speed Pack", "object_id": "9", "change_message": "Changed mins_piece.", "user": 1, "content_type": 10}, "model": "admin.logentry", "pk": 163}, {"fields": {"action_flag": 2, "action_time": "2015-08-13T20:18:21.563Z", "object_repr": "Product: Speed Pack", "object_id": "9", "change_message": "Changed mult_dollies.", "user": 1, "content_type": 10}, "model": "admin.logentry", "pk": 164}, {"fields": {"action_flag": 1, "action_time": "2015-08-13T20:18:39.493Z", "object_repr": "Product: Machine Cart", "object_id": "12", "change_message": "", "user": 1, "content_type": 10}, "model": "admin.logentry", "pk": 165}, {"fields": {"action_flag": 1, "action_time": "2015-08-13T20:19:02.845Z", "object_repr": "Product: Library Cart", "object_id": "13", "change_message": "", "user": 1, "content_type": 10}, "model": "admin.logentry", "pk": 166}, {"fields": {"action_flag": 1, "action_time": "2015-08-13T20:19:20.473Z", "object_repr": "Product: Panel Cart", "object_id": "14", "change_message": "", "user": 1, "content_type": 10}, "model": "admin.logentry", "pk": 167}, {"fields": {"action_flag": 1, "action_time": "2015-08-13T20:26:01.751Z", "object_repr": "Product: Task Chair", "object_id": "15", "change_message": "", "user": 1, "content_type": 10}, "model": "admin.logentry", "pk": 168}, {"fields": {"action_flag": 1, "action_time": "2015-08-13T20:26:26.894Z", "object_repr": "Product: Side Chair", "object_id": "16", "change_message": "", "user": 1, "content_type": 10}, "model": "admin.logentry", "pk": 169}, {"fields": {"action_flag": 1, "action_time": "2015-08-13T20:26:44.013Z", "object_repr": "Product: Lounge Chair", "object_id": "17", "change_message": "", "user": 1, "content_type": 10}, "model": "admin.logentry", "pk": 170}, {"fields": {"action_flag": 1, "action_time": "2015-08-13T20:27:06.417Z", "object_repr": "Product: Sofa", "object_id": "18", "change_message": "", "user": 1, "content_type": 10}, "model": "admin.logentry", "pk": 171}, {"fields": {"action_flag": 1, "action_time": "2015-08-13T20:28:29.946Z", "object_repr": "Product: Desk - 1 ped", "object_id": "19", "change_message": "", "user": 1, "content_type": 10}, "model": "admin.logentry", "pk": 172}, {"fields": {"action_flag": 1, "action_time": "2015-08-13T20:29:07.696Z", "object_repr": "Product: Desk - U-shape", "object_id": "20", "change_message": "", "user": 1, "content_type": 10}, "model": "admin.logentry", "pk": 173}, {"fields": {"action_flag": 1, "action_time": "2015-08-13T20:29:27.804Z", "object_repr": "Product: Return", "object_id": "21", "change_message": "", "user": 1, "content_type": 10}, "model": "admin.logentry", "pk": 174}, {"fields": {"action_flag": 1, "action_time": "2015-08-13T20:29:45.395Z", "object_repr": "Product: Credenza", "object_id": "22", "change_message": "", "user": 1, "content_type": 10}, "model": "admin.logentry", "pk": 175}, {"fields": {"action_flag": 1, "action_time": "2015-08-13T20:29:55.881Z", "object_repr": "Product: Hutch", "object_id": "23", "change_message": "", "user": 1, "content_type": 10}, "model": "admin.logentry", "pk": 176}, {"fields": {"action_flag": 1, "action_time": "2015-08-13T20:30:28.143Z", "object_repr": "Product: Bookcase", "object_id": "24", "change_message": "", "user": 1, "content_type": 10}, "model": "admin.logentry", "pk": 177}, {"fields": {"action_flag": 1, "action_time": "2015-08-13T20:32:00.506Z", "object_repr": "Product: Shelving - Bolted", "object_id": "25", "change_message": "", "user": 1, "content_type": 10}, "model": "admin.logentry", "pk": 178}, {"fields": {"action_flag": 2, "action_time": "2015-08-13T20:32:31.603Z", "object_repr": "Product: Bookcase", "object_id": "24", "change_message": "Changed category.", "user": 1, "content_type": 10}, "model": "admin.logentry", "pk": 179}, {"fields": {"action_flag": 1, "action_time": "2015-08-13T20:34:58.126Z", "object_repr": "Product: Shelving - Clips", "object_id": "26", "change_message": "", "user": 1, "content_type": 10}, "model": "admin.logentry", "pk": 180}, {"fields": {"action_flag": 1, "action_time": "2015-08-13T20:35:48.464Z", "object_repr": "Product: Vertical File Cab", "object_id": "27", "change_message": "", "user": 1, "content_type": 10}, "model": "admin.logentry", "pk": 181}, {"fields": {"action_flag": 1, "action_time": "2015-08-13T20:36:56.693Z", "object_repr": "Product: Lat File Cab - 2dr", "object_id": "28", "change_message": "", "user": 1, "content_type": 10}, "model": "admin.logentry", "pk": 182}, {"fields": {"action_flag": 1, "action_time": "2015-08-13T20:37:24.255Z", "object_repr": "Product: Lat File Cab - 3-5 dr", "object_id": "29", "change_message": "", "user": 1, "content_type": 10}, "model": "admin.logentry", "pk": 183}, {"fields": {"action_flag": 1, "action_time": "2015-08-13T20:37:39.184Z", "object_repr": "Product: Fire File", "object_id": "30", "change_message": "", "user": 1, "content_type": 10}, "model": "admin.logentry", "pk": 184}, {"fields": {"action_flag": 1, "action_time": "2015-08-13T20:37:57.244Z", "object_repr": "Product: Map File", "object_id": "31", "change_message": "", "user": 1, "content_type": 10}, "model": "admin.logentry", "pk": 185}, {"fields": {"action_flag": 1, "action_time": "2015-08-13T20:38:23.912Z", "object_repr": "Product: Storage Cab - sm", "object_id": "32", "change_message": "", "user": 1, "content_type": 10}, "model": "admin.logentry", "pk": 186}, {"fields": {"action_flag": 1, "action_time": "2015-08-13T20:38:41.127Z", "object_repr": "Product: Storage Cab - lg", "object_id": "33", "change_message": "", "user": 1, "content_type": 10}, "model": "admin.logentry", "pk": 187}, {"fields": {"action_flag": 1, "action_time": "2015-08-13T20:39:53.022Z", "object_repr": "Product: Computers", "object_id": "34", "change_message": "", "user": 1, "content_type": 10}, "model": "admin.logentry", "pk": 188}, {"fields": {"action_flag": 1, "action_time": "2015-08-13T20:40:32.232Z", "object_repr": "Product: Printer/Fax", "object_id": "35", "change_message": "", "user": 1, "content_type": 10}, "model": "admin.logentry", "pk": 189}, {"fields": {"action_flag": 1, "action_time": "2015-08-13T20:41:06.039Z", "object_repr": "Product: Misc Computer Equip", "object_id": "36", "change_message": "", "user": 1, "content_type": 10}, "model": "admin.logentry", "pk": 190}, {"fields": {"action_flag": 1, "action_time": "2015-08-13T20:41:28.377Z", "object_repr": "Product: AV Cart", "object_id": "37", "change_message": "", "user": 1, "content_type": 10}, "model": "admin.logentry", "pk": 191}, {"fields": {"action_flag": 1, "action_time": "2015-08-13T20:41:41.007Z", "object_repr": "Product: Plotter", "object_id": "38", "change_message": "", "user": 1, "content_type": 10}, "model": "admin.logentry", "pk": 192}, {"fields": {"action_flag": 1, "action_time": "2015-08-13T20:41:56.793Z", "object_repr": "Product: Large Copier", "object_id": "39", "change_message": "", "user": 1, "content_type": 10}, "model": "admin.logentry", "pk": 193}, {"fields": {"action_flag": 1, "action_time": "2015-08-13T20:42:18.389Z", "object_repr": "Product: Network Server Rack", "object_id": "40", "change_message": "", "user": 1, "content_type": 10}, "model": "admin.logentry", "pk": 194}, {"fields": {"action_flag": 1, "action_time": "2015-08-13T20:42:38.662Z", "object_repr": "Product: Shredder - lg", "object_id": "41", "change_message": "", "user": 1, "content_type": 10}, "model": "admin.logentry", "pk": 195}, {"fields": {"action_flag": 1, "action_time": "2015-08-13T20:43:31.558Z", "object_repr": "Product: Floor Mat", "object_id": "42", "change_message": "", "user": 1, "content_type": 10}, "model": "admin.logentry", "pk": 196}, {"fields": {"action_flag": 1, "action_time": "2015-08-13T20:44:20.489Z", "object_repr": "Product: Trash Can", "object_id": "43", "change_message": "", "user": 1, "content_type": 10}, "model": "admin.logentry", "pk": 197}, {"fields": {"action_flag": 1, "action_time": "2015-08-13T20:44:45.392Z", "object_repr": "Product: Coat Rack", "object_id": "44", "change_message": "", "user": 1, "content_type": 10}, "model": "admin.logentry", "pk": 198}, {"fields": {"action_flag": 1, "action_time": "2015-08-13T20:45:10.921Z", "object_repr": "Product: Refrigerator", "object_id": "45", "change_message": "", "user": 1, "content_type": 10}, "model": "admin.logentry", "pk": 199}, {"fields": {"action_flag": 1, "action_time": "2015-08-13T20:45:47.001Z", "object_repr": "Product: Microwave", "object_id": "46", "change_message": "", "user": 1, "content_type": 10}, "model": "admin.logentry", "pk": 200}, {"fields": {"action_flag": 1, "action_time": "2015-08-13T20:46:23.212Z", "object_repr": "Product: Plant", "object_id": "47", "change_message": "", "user": 1, "content_type": 10}, "model": "admin.logentry", "pk": 201}, {"fields": {"action_flag": 2, "action_time": "2015-08-13T20:46:32.734Z", "object_repr": "Product: Trash Can", "object_id": "43", "change_message": "Changed mult_dollies.", "user": 1, "content_type": 10}, "model": "admin.logentry", "pk": 202}, {"fields": {"action_flag": 1, "action_time": "2015-08-13T20:47:03.924Z", "object_repr": "Product: Packed Machine Cart", "object_id": "48", "change_message": "", "user": 1, "content_type": 10}, "model": "admin.logentry", "pk": 203}, {"fields": {"action_flag": 1, "action_time": "2015-08-13T20:47:17.996Z", "object_repr": "Product: Packed Lib Cart", "object_id": "49", "change_message": "", "user": 1, "content_type": 10}, "model": "admin.logentry", "pk": 204}, {"fields": {"action_flag": 1, "action_time": "2015-08-13T20:47:35.433Z", "object_repr": "Product: Packed Panel Cart", "object_id": "50", "change_message": "", "user": 1, "content_type": 10}, "model": "admin.logentry", "pk": 205}, {"fields": {"action_flag": 1, "action_time": "2015-08-13T20:47:55.330Z", "object_repr": "Product: Packed Speed Pack", "object_id": "51", "change_message": "", "user": 1, "content_type": 10}, "model": "admin.logentry", "pk": 206}, {"fields": {"action_flag": 1, "action_time": "2015-08-13T20:48:10.797Z", "object_repr": "Category: Tables", "object_id": "14", "change_message": "", "user": 1, "content_type": 9}, "model": "admin.logentry", "pk": 207}, {"fields": {"action_flag": 1, "action_time": "2015-08-13T20:48:32.314Z", "object_repr": "Product: Cafe Table", "object_id": "52", "change_message": "", "user": 1, "content_type": 10}, "model": "admin.logentry", "pk": 208}, {"fields": {"action_flag": 1, "action_time": "2015-08-13T20:48:51.743Z", "object_repr": "Product: Table - lg", "object_id": "53", "change_message": "", "user": 1, "content_type": 10}, "model": "admin.logentry", "pk": 209}, {"fields": {"action_flag": 1, "action_time": "2015-08-13T20:49:13.105Z", "object_repr": "Product: Folding Table", "object_id": "54", "change_message": "", "user": 1, "content_type": 10}, "model": "admin.logentry", "pk": 210}, {"fields": {"action_flag": 1, "action_time": "2015-08-13T20:49:31.622Z", "object_repr": "Product: Mobile Table", "object_id": "55", "change_message": "", "user": 1, "content_type": 10}, "model": "admin.logentry", "pk": 211}, {"fields": {"action_flag": 1, "action_time": "2015-08-13T20:49:48.770Z", "object_repr": "Product: Tech Bench", "object_id": "56", "change_message": "", "user": 1, "content_type": 10}, "model": "admin.logentry", "pk": 212}, {"fields": {"action_flag": 1, "action_time": "2015-08-13T20:50:23.546Z", "object_repr": "Product: Conf Table 10'-13'", "object_id": "57", "change_message": "", "user": 1, "content_type": 10}, "model": "admin.logentry", "pk": 213}, {"fields": {"action_flag": 1, "action_time": "2015-08-13T20:50:43.324Z", "object_repr": "Product: Conf Table 14'-18'", "object_id": "58", "change_message": "", "user": 1, "content_type": 10}, "model": "admin.logentry", "pk": 214}, {"fields": {"action_flag": 1, "action_time": "2015-08-13T20:51:35.630Z", "object_repr": "Product: Picture - sm", "object_id": "59", "change_message": "", "user": 1, "content_type": 10}, "model": "admin.logentry", "pk": 215}, {"fields": {"action_flag": 1, "action_time": "2015-08-13T20:52:06.904Z", "object_repr": "Product: Picture - lg", "object_id": "60", "change_message": "", "user": 1, "content_type": 10}, "model": "admin.logentry", "pk": 216}, {"fields": {"action_flag": 1, "action_time": "2015-08-13T20:52:31.346Z", "object_repr": "Product: White/Cork Board", "object_id": "61", "change_message": "", "user": 1, "content_type": 10}, "model": "admin.logentry", "pk": 217}, {"fields": {"action_flag": 1, "action_time": "2015-08-13T20:53:19.277Z", "object_repr": "Product: Call Station", "object_id": "62", "change_message": "", "user": 1, "content_type": 10}, "model": "admin.logentry", "pk": 218}, {"fields": {"action_flag": 1, "action_time": "2015-08-13T20:54:03.210Z", "object_repr": "Product: 6'x6' / 8'x8' - non-tile", "object_id": "63", "change_message": "", "user": 1, "content_type": 10}, "model": "admin.logentry", "pk": 219}, {"fields": {"action_flag": 1, "action_time": "2015-08-13T20:54:41.298Z", "object_repr": "Product: 6'x6' / 8'x8' - tile", "object_id": "64", "change_message": "", "user": 1, "content_type": 10}, "model": "admin.logentry", "pk": 220}]